{
 "Files" : [
  {
   "Path" : "F:/EMB_pub/embedded/picorv32/v1.2.1/ref_design/fpga_ref_design/DK_START_GW2A18_V2.0/gowin_picorv32/src/ahbreg.v",
   "Type" : "verilog"
  },
  {
   "Path" : "F:/EMB_pub/embedded/picorv32/v1.2.1/ref_design/fpga_ref_design/DK_START_GW2A18_V2.0/gowin_picorv32/src/button.v",
   "Type" : "verilog"
  },
  {
   "Path" : "F:/EMB_pub/embedded/picorv32/v1.2.1/ref_design/fpga_ref_design/DK_START_GW2A18_V2.0/gowin_picorv32/src/gowin_picorv32/gowin_picorv32.v",
   "Type" : "verilog"
  },
  {
   "Path" : "F:/EMB_pub/embedded/picorv32/v1.2.1/ref_design/fpga_ref_design/DK_START_GW2A18_V2.0/gowin_picorv32/src/picorv32_top.v",
   "Type" : "verilog"
  },
  {
   "Path" : "F:/EMB_pub/embedded/picorv32/v1.2.1/ref_design/fpga_ref_design/DK_START_GW2A18_V2.0/gowin_picorv32/src/wbreg.v",
   "Type" : "verilog"
  }
 ],
 "IncludePath" : [

 ],
 "LoopLimit" : 2000,
 "ResultFile" : "F:/EMB_pub/embedded/picorv32/v1.2.1/ref_design/fpga_ref_design/DK_START_GW2A18_V2.0/gowin_picorv32/impl/temp/rtl_parser.result",
 "Top" : "Gowin_PicoRV32_template",
 "VerilogStd" : "sysv",
 "VhdlStd" : "vhdl_2008"
}